YYYYMM,kubun,industry,Average_PER,Average_PBR,,,,,,,,,,,,,,,,,,,,,,,
2025/11,Prime,水産・農林業,11.6,1.0,,,,,,,,,,,,,,,,,,,,,,,
2025/11,Prime,鉱業,10.5,0.9,,,,,,,,,,,,,,,,,,,,,,,
2025/11,Prime,建設業,17.5,1.5,,,,,,,,,,,,,,,,,,,,,,,
2025/11,Prime,食料品,20.6,1.3,,,,,,,,,,,,,,,,,,,,,,,
2025/11,Prime,繊維製品,20.3,1.2,,,,,,,,,,,,,,,,,,,,,,,
2025/11,Prime,パルプ・紙,14.3,0.6,,,,,,,,,,,,,,,,,,,,,,,
2025/11,Prime,化学,17.7,1.1,,,,,,,,,,,,,,,,,,,,,,,
2025/11,Prime,医薬品,19.0,1.4,,,,,,,,,,,,,,,,,,,,,,,
2025/11,Prime,石油・石炭製品,17.0,0.9,,,,,,,,,,,,,,,,,,,,,,,
2025/11,Prime,ゴム製品,13.6,1.1,,,,,,,,,,,,,,,,,,,,,,,
2025/11,Prime,ガラス・土石製品,24.7,1.6,,,,,,,,,,,,,,,,,,,,,,,
2025/11,Prime,鉄鋼,10.3,0.7,,,,,,,,,,,,,,,,,,,,,,,
2025/11,Prime,非鉄金属,19.6,1.5,,,,,,,,,,,,,,,,,,,,,,,
2025/11,Prime,金属製品,12.5,0.8,,,,,,,,,,,,,,,,,,,,,,,
2025/11,Prime,機械,20.3,1.6,,,,,,,,,,,,,,,,,,,,,,,
2025/11,Prime,電気機器,21.3,1.9,,,,,,,,,,,,,,,,,,,,,,,
2025/11,Prime,輸送用機器,18.2,1.0,,,,,,,,,,,,,,,,,,,,,,,
2025/11,Prime,精密機器,22.2,2.0,,,,,,,,,,,,,,,,,,,,,,,
2025/11,Prime,その他製品,19.4,1.5,,,,,,,,,,,,,,,,,,,,,,,
2025/11,Prime,電気・ガス業,9.7,0.8,,,,,,,,,,,,,,,,,,,,,,,
2025/11,Prime,陸運業,13.5,1.1,,,,,,,,,,,,,,,,,,,,,,,
2025/11,Prime,海運業,5.1,0.8,,,,,,,,,,,,,,,,,,,,,,,
2025/11,Prime,空運業,10.4,1.3,,,,,,,,,,,,,,,,,,,,,,,
2025/11,Prime,倉庫・運輸関連業,18.1,1.2,,,,,,,,,,,,,,,,,,,,,,,
2025/11,Prime,情報・通信業,25.4,2.5,,,,,,,,,,,,,,,,,,,,,,,
2025/11,Prime,卸売業,13.1,1.2,,,,,,,,,,,,,,,,,,,,,,,
2025/11,Prime,小売業,22.0,1.9,,,,,,,,,,,,,,,,,,,,,,,
2025/11,Prime,銀行業,13.5,0.7,,,,,,,,,,,,,,,,,,,,,,,
2025/11,Prime,証券、商品先物取引業,14.2,1.3,,,,,,,,,,,,,,,,,,,,,,,
2025/11,Prime,保険業,12.1,1.3,,,,,,,,,,,,,,,,,,,,,,,
2025/11,Prime,その他金融業,12.6,1.0,,,,,,,,,,,,,,,,,,,,,,,
2025/11,Prime,不動産業,13.6,1.7,,,,,,,,,,,,,,,,,,,,,,,
2025/11,Prime,サービス業,20.0,1.9,,,,,,,,,,,,,,,,,,,,,,,
2025/11,Standard,水産・農林業,20.6,1.4,,,,,,,,,,,,,,,,,,,,,,,
2025/11,Standard,鉱業,9.3,1.4,,,,,,,,,,,,,,,,,,,,,,,
2025/11,Standard,建設業,12.3,0.9,,,,,,,,,,,,,,,,,,,,,,,
2025/11,Standard,食料品,19.1,1.2,,,,,,,,,,,,,,,,,,,,,,,
2025/11,Standard,繊維製品,17.3,0.6,,,,,,,,,,,,,,,,,,,,,,,
2025/11,Standard,パルプ・紙,10.6,0.6,,,,,,,,,,,,,,,,,,,,,,,
2025/11,Standard,化学,14.8,0.9,,,,,,,,,,,,,,,,,,,,,,,
2025/11,Standard,医薬品,12.6,0.8,,,,,,,,,,,,,,,,,,,,,,,
2025/11,Standard,石油・石炭製品,9.1,0.8,,,,,,,,,,,,,,,,,,,,,,,
2025/11,Standard,ゴム製品,13.1,0.8,,,,,,,,,,,,,,,,,,,,,,,
2025/11,Standard,ガラス・土石製品,11.2,0.8,,,,,,,,,,,,,,,,,,,,,,,
2025/11,Standard,鉄鋼,15.2,0.5,,,,,,,,,,,,,,,,,,,,,,,
2025/11,Standard,非鉄金属,11.3,1.2,,,,,,,,,,,,,,,,,,,,,,,
2025/11,Standard,金属製品,16.8,0.6,,,,,,,,,,,,,,,,,,,,,,,
2025/11,Standard,機械,13.6,0.9,,,,,,,,,,,,,,,,,,,,,,,
2025/11,Standard,電気機器,16.9,1.0,,,,,,,,,,,,,,,,,,,,,,,
2025/11,Standard,輸送用機器,19.0,0.9,,,,,,,,,,,,,,,,,,,,,,,
2025/11,Standard,精密機器,19.7,1.4,,,,,,,,,,,,,,,,,,,,,,,
2025/11,Standard,その他製品,19.5,0.6,,,,,,,,,,,,,,,,,,,,,,,
2025/11,Standard,電気・ガス業,11.4,0.4,,,,,,,,,,,,,,,,,,,,,,,
2025/11,Standard,陸運業,11.6,0.6,,,,,,,,,,,,,,,,,,,,,,,
2025/11,Standard,海運業,5.0,0.7,,,,,,,,,,,,,,,,,,,,,,,
2025/11,Standard,空運業,5.4,－,,,,,,,,,,,,,,,,,,,,,,,
2025/11,Standard,倉庫・運輸関連業,10.6,0.6,,,,,,,,,,,,,,,,,,,,,,,
2025/11,Standard,情報・通信業,18.3,1.8,,,,,,,,,,,,,,,,,,,,,,,
2025/11,Standard,卸売業,12.6,0.8,,,,,,,,,,,,,,,,,,,,,,,
2025/11,Standard,小売業,21.2,1.3,,,,,,,,,,,,,,,,,,,,,,,
2025/11,Standard,銀行業,9.9,0.3,,,,,,,,,,,,,,,,,,,,,,,
2025/11,Standard,証券、商品先物取引業,10.1,0.9,,,,,,,,,,,,,,,,,,,,,,,
2025/11,Standard,保険業,－,－,,,,,,,,,,,,,,,,,,,,,,,
2025/11,Standard,その他金融業,15.4,1.3,,,,,,,,,,,,,,,,,,,,,,,
2025/11,Standard,不動産業,9.8,1.0,,,,,,,,,,,,,,,,,,,,,,,
2025/11,Standard,サービス業,15.5,1.3,,,,,,,,,,,,,,,,,,,,,,,
2025/11,Growth,水産・農林業,－,－,,,,,,,,,,,,,,,,,,,,,,,
2025/11,Growth,鉱業,－,－,,,,,,,,,,,,,,,,,,,,,,,
2025/11,Growth,建設業,25.3,2.3,,,,,,,,,,,,,,,,,,,,,,,
2025/11,Growth,食料品,62.6,3.8,,,,,,,,,,,,,,,,,,,,,,,
2025/11,Growth,繊維製品,23.0,6.9,,,,,,,,,,,,,,,,,,,,,,,
2025/11,Growth,パルプ・紙,－,－,,,,,,,,,,,,,,,,,,,,,,,
2025/11,Growth,化学,15.2,1.8,,,,,,,,,,,,,,,,,,,,,,,
2025/11,Growth,医薬品,－,5.7,,,,,,,,,,,,,,,,,,,,,,,
2025/11,Growth,石油・石炭製品,－,－,,,,,,,,,,,,,,,,,,,,,,,
2025/11,Growth,ゴム製品,－,－,,,,,,,,,,,,,,,,,,,,,,,
2025/11,Growth,ガラス・土石製品,－,－,,,,,,,,,,,,,,,,,,,,,,,
2025/11,Growth,鉄鋼,－,－,,,,,,,,,,,,,,,,,,,,,,,
2025/11,Growth,非鉄金属,9.7,1.1,,,,,,,,,,,,,,,,,,,,,,,
2025/11,Growth,金属製品,106.7,24.0,,,,,,,,,,,,,,,,,,,,,,,
2025/11,Growth,機械,556.4,3.6,,,,,,,,,,,,,,,,,,,,,,,
2025/11,Growth,電気機器,－,2.6,,,,,,,,,,,,,,,,,,,,,,,
2025/11,Growth,輸送用機器,28.5,5.4,,,,,,,,,,,,,,,,,,,,,,,
2025/11,Growth,精密機器,－,4.5,,,,,,,,,,,,,,,,,,,,,,,
2025/11,Growth,その他製品,39.1,2.8,,,,,,,,,,,,,,,,,,,,,,,
2025/11,Growth,電気・ガス業,22.1,4.9,,,,,,,,,,,,,,,,,,,,,,,
2025/11,Growth,陸運業,－,－,,,,,,,,,,,,,,,,,,,,,,,
2025/11,Growth,海運業,－,－,,,,,,,,,,,,,,,,,,,,,,,
2025/11,Growth,空運業,10.8,0.9,,,,,,,,,,,,,,,,,,,,,,,
2025/11,Growth,倉庫・運輸関連業,－,2.2,,,,,,,,,,,,,,,,,,,,,,,
2025/11,Growth,情報・通信業,55.3,3.6,,,,,,,,,,,,,,,,,,,,,,,
2025/11,Growth,卸売業,62.3,3.3,,,,,,,,,,,,,,,,,,,,,,,
2025/11,Growth,小売業,31.2,2.6,,,,,,,,,,,,,,,,,,,,,,,
2025/11,Growth,銀行業,－,－,,,,,,,,,,,,,,,,,,,,,,,
2025/11,Growth,証券、商品先物取引業,8.4,1.9,,,,,,,,,,,,,,,,,,,,,,,
2025/11,Growth,保険業,24.5,1.5,,,,,,,,,,,,,,,,,,,,,,,
2025/11,Growth,その他金融業,－,3.0,,,,,,,,,,,,,,,,,,,,,,,
2025/11,Growth,不動産業,15.6,2.5,,,,,,,,,,,,,,,,,,,,,,,
2025/11,Growth,サービス業,31.7,2.5,,,,,,,,,,,,,,,,,,,,,,,